zip_code,location,city
34705,"15502 Stoneybrook West Pkwy Ste 100, Winter Garden, FL 34787",Winter Garden
34606,"7037 Ridge Rd, Port Richey, FL 34668",Port Richey
34448,"9850 Little Rd, New Port Richey, FL 34654",New Port Richey
34446,"12101 Little Rd, Hudson, FL 34667",Hudson
34423,"13752 Little Rd, Hudson, FL 34667",Hudson
34423,"1400 Pinehurst Dr, Spring Hill, FL 34606",Spring Hill
34229,"8409 S Tamiami Trl, Sarasota, FL 34238",Sarasota
34229,"3428 Clark Rd, Sarasota, FL 34231",Sarasota
34228,"6543 S Tamiami Trl, Sarasota, FL 34231",Sarasota
34223,"8405 Honore Ave Unit 1, Sarasota, FL 34238",Sarasota
34210,"4840 S Tamiami Trl, Sarasota, FL 34231",Sarasota
34205,"525 Bay Isles Pkwy, Longboat Key, FL 34228",Longboat Key
34203,"4651 Cortez Rd W, Bradenton, FL 34210",Bradenton
34203,"3913 Manatee Ave W, Bradenton, FL 34205",Bradenton
34202,"5100 Clark Rd, Sarasota, FL 34233",Sarasota
34201,"4240 53rd Ave E, Bradenton, FL 34203",Bradenton
34201,"6030 14th St W, Bradenton, FL 34207",Bradenton
34201,"2875 University Pkwy, Sarasota, FL 34243",Sarasota
34201,"501 N Beneva Rd Ste 161, Sarasota, FL 34232",Sarasota
34201,"1044 N Tamiami Trl, Sarasota, FL 34236",Sarasota
34201,"2031 Bay St, Sarasota, FL 34237",Sarasota
34201,"5804 Bee Ridge Rd, Sarasota, FL 34233",Sarasota
34201,"3690 Bee Ridge Rd, Sarasota, FL 34233",Sarasota
34201,"3825 S Osprey Ave, Sarasota, FL 34239",Sarasota
34101,"1089 N Collier Blvd Ste 401, Marco Island, FL 34145",Marco Island
34101,"175 S Barfield Dr, Marco Island, FL 34145",Marco Island
34101,"4370 Thomasson Dr, Naples, FL 34112",Naples
34101,"3815 Tamiami Trl E, Naples, FL 34112",Naples
34101,"12663 Tamiami Trl E, Naples, FL 34113",Naples
34101,"4860 Davis Blvd, Naples, FL 34104",Naples
34101,"8585 Collier Blvd, Naples, FL 34114",Naples
34101,"15050 Sandpiper Ln, Naples, FL 34114",Naples
34101,"7101 Radio Rd, Naples, FL 34104",Naples
34101,"1981 Tamiami Trl N, Naples, FL 34102",Naples
34101,"4601 9th St N, Naples, FL 34103",Naples
34101,"2310 Pine Ridge Rd, Naples, FL 34109",Naples
34101,"5991 Pine Ridge Rd, Naples, FL 34119",Naples
34101,"2450 Vanderbilt Beach Rd, Naples, FL 34109",Naples
34101,"8833 Tamiami Trl N, Naples, FL 34108",Naples
33928,"3304 Bonita Beach Rd, Bonita Springs, FL 34134",Bonita Springs
33928,"11200 Tamiami Trl N, Naples, FL 34110",Naples
33927,"1091 Tamiami Trl N, Nokomis, FL 34275",Nokomis
33927,"2438 Laurel Rd E, North Venice, FL 34275",North Venice
33927,"1350 S. Tamiami Trail, Osprey, FL 34229",Osprey
33927,"345 Jacaranda Blvd, Venice, FL 34292",Venice
33927,"1445 E Venice Ave, Venice, FL 34292",Venice
33927,"535 Tamiami Trl S, Venice, FL 34285",Venice
33921,"1500 Placida Rd Ste C, Englewood, FL 34223",Englewood
33921,"55 N Indiana Ave, Englewood, FL 34223",Englewood
33921,"17179 Tamiami Trl, North Port, FL 34287",North Port
33921,"8725 Placida Rd, Placida, FL 33946",Placida
33921,"13435 S McCall Rd, Port Charlotte, FL 33981",Port Charlotte
33921,"12165 Mercado Dr, Venice, FL 34293",Venice
33921,"4173 S Tamiami Trl, Venice, FL 34293",Venice
33913,"24600 S Tamiami Trl Ste 300, Bonita Springs, FL 34134",Bonita Springs
33913,"26841 S Tamiami Trl, Bonita Springs, FL 34134",Bonita Springs
33912,"21301 S Tamiami Trl Ste 200, Estero, FL 33928",Estero
33908,"5100 Pine Island Rd NW, Bokeelia, FL 33922",Bokeelia
33908,"4791 Estero Blvd, Fort Myers Beach, FL 33931",Fort Myers Beach
33906,"19100 S Tamiami Trl, Fort Myers, FL 33908",Fort Myers
33904,"16950 San Carlos Blvd, Fort Myers, FL 33908",Fort Myers
33904,"20321 Summerlin Rd, Fort Myers, FL 33908",Fort Myers
33904,"16980 Alico Mission Way Ste 403, Fort Myers, FL 33908",Fort Myers
33903,"3015 SW Pine Island Rd, Cape Coral, FL 33991",Cape Coral
33901,"1631 Del Prado Blvd S, Cape Coral, FL 33990",Cape Coral
33901,"1735 NE Pine Island Rd, Cape Coral, FL 33909",Cape Coral
33901,"2420 Santa Barbara Blvd, Cape Coral, FL 33914",Cape Coral
33901,"100 Hancock Bridge Pkwy W, Cape Coral, FL 33991",Cape Coral
33901,"2481 Del Prado Blvd N, Cape Coral, FL 33909",Cape Coral
33901,"127 Cape Coral Pkwy W, Cape Coral, FL 33914",Cape Coral
33901,"1616 Cape Coral Pkwy W # 5, Cape Coral, FL 33914",Cape Coral
33901,"4600 Summerlin Rd, Fort Myers, FL 33919",Fort Myers
33901,"5997 S Pointe Blvd Ste 106, Fort Myers, FL 33919",Fort Myers
33901,"13401 Summerlin Rd, Fort Myers, FL 33919",Fort Myers
33901,"15880 Summerlin Rd, Fort Myers, FL 33908",Fort Myers
33901,"11600 Gladiolus Dr, Fort Myers, FL 33908",Fort Myers
33865,"14605 SR 70, Bradenton, FL 34202",Bradenton
33865,"11205 E State Road 70, Bradenton, FL 34202",Bradenton
33865,"8330 Market St, Bradenton, FL 34202",Bradenton
33865,"7290 55th Ave E, Bradenton, FL 34203",Bradenton
33865,"7325 University Pkwy, Lakewood Ranch, FL 34202",Lakewood Ranch
33865,"1291 S Sumter Blvd, North Port, FL 34287",North Port
33865,"8300 Bee Ridge Rd, Sarasota, FL 34241",Sarasota
33865,"1940 Lakewood Ranch Blvd, Sarasota, FL 34240",Sarasota
33865,"5391 Fruitville Rd, Sarasota, FL 34232",Sarasota
33854,"3372 Canoe Creek Rd, Saint Cloud, FL 34772",Saint Cloud
33852,"1251 S Toledo Blade Blvd, North Port, FL 34288",North Port
33852,"24051 Peachland Blvd, Port Charlotte, FL 33954",Port Charlotte
33852,"4265 Tamiami Trl, Port Charlotte, FL 33980",Port Charlotte
33852,"19451 Cochran Blvd Unit 2000, Port Charlotte, FL 33948",Port Charlotte
33852,"3941 Tamiami Trl Unit 3145, Punta Gorda, FL 33950",Punta Gorda
33852,"2310 Tamiami Trl Unit 1129, Punta Gorda, FL 33950",Punta Gorda
33761,"2886 Alternate US 19, Palm Harbor, FL 34683",Palm Harbor
33755,"619 S Fort Harrison Ave, Clearwater, FL 33756",Clearwater
33755,"200 Island Way, Clearwater, FL 33767",Clearwater
33755,"1555 S Highland Ave, Clearwater, FL 33756",Clearwater
33755,"902 Curlew Rd, Dunedin, FL 34698",Dunedin
33716,"525 S Belcher Rd, Clearwater, FL 33764",Clearwater
33715,"7310 Manatee Ave W, Bradenton, FL 34209",Bradenton
33715,"3900 E Bay Dr, Holmes Beach, FL 34217",Holmes Beach
33708,"2770 W Bay Dr, Belleair Bluffs, FL 33770",Belleair Bluffs
33708,"13031 Walsingham Rd, Largo, FL 33774",Largo
33708,"12022 Indian Rocks Rd, Largo, FL 33774",Largo
33708,"10500 Ulmerton Rd #800, Largo, FL 33771",Largo
33708,"10411 Ulmerton Rd, Largo, FL 33771",Largo
33708,"857 W Bay Dr, Largo, FL 33770",Largo
33706,"7880 113th St, Seminole, FL 33772",Seminole
33706,"9201 Oakhurst Rd, Seminole, FL 33776",Seminole
33702,"5000 E Bay Dr, Clearwater, FL 33764",Clearwater
33702,"3825 E Bay Dr, Largo, FL 33771",Largo
33702,"10801 Starkey Rd Ste 200, Seminole, FL 33777",Seminole
33701,"674 150th Ave, Madeira Beach, FL 33708",Madeira Beach
33701,"7333 Park Blvd N, Pinellas Park, FL 33781",Pinellas Park
33701,"1700 34th St N, Saint Petersburg, FL 33713",Saint Petersburg
33701,"3501 49th St N, Saint Petersburg, FL 33710",Saint Petersburg
33701,"1600 66th St N, Saint Petersburg, FL 33710",Saint Petersburg
33701,"6605 38th Ave N, Saint Petersburg, FL 33710",Saint Petersburg
33701,"5577 Park St N, Saint Petersburg, FL 33709",Saint Petersburg
33701,"1075 Pasadena Ave S, South Pasadena, FL 33707",South Pasadena
33701,"4655 Gulf Blvd, St Pete Beach, FL 33706",St Pete Beach
33701,"111 104th Ave, Treasure Island, FL 33706",Treasure Island
33635,"1921 N Belcher Rd, Clearwater, FL 33763",Clearwater
33635,"1491 Main St, Dunedin, FL 34698",Dunedin
33626,"500 E Lake Rd, Palm Harbor, FL 34685",Palm Harbor
33626,"30535 US Highway 19 N, Palm Harbor, FL 34684",Palm Harbor
33626,"33343 US Highway 19 N, Palm Harbor, FL 34684",Palm Harbor
33626,"35439 US 19 N, Palm Harbor, FL 34684",Palm Harbor
33616,"4701 Park Blvd N, Pinellas Park, FL 33781",Pinellas Park
33615,"2514 N McMullen Booth Rd, Clearwater, FL 33761",Clearwater
33615,"1520 N McMullen Booth Rd, Clearwater, FL 33759",Clearwater
33615,"8975 Race Track Rd, Tampa, FL 33635",Tampa
33608,"7999 Dr Martin Luther King Jr St N, Saint Petersburg, FL 33702",Saint Petersburg
33608,"10496 Roosevelt Blvd N, Saint Petersburg, FL 33716",Saint Petersburg
33608,"120 Carillon Pkwy, Saint Petersburg, FL 33716",Saint Petersburg
33601,"1700 N Blvd, Tampa, FL 33607",Tampa
33601,"2401 W Azeele St, Tampa, FL 33609",Tampa
33601,"2724 W Hillsborough Ave, Tampa, FL 33614",Tampa
33601,"1313 S Dale Mabry Hwy, Tampa, FL 33629",Tampa
33601,"4900 W Kennedy Blvd, Tampa, FL 33609",Tampa
33601,"7018 W Waters Ave, Tampa, FL 33634",Tampa
33601,"8701 W Hillsborough Ave, Tampa, FL 33615",Tampa
33598,"16642 Sr 64 E, Bradenton, FL 34212",Bradenton
33586,"1755 Lakewood Ranch Blvd, Bradenton, FL 34211",Bradenton
33586,"13150 E SR 64, Bradenton, FL 34212",Bradenton
33570,"5001 E State Road 64, Bradenton, FL 34208",Bradenton
33570,"9520 Buffalo Rd, Palmetto, FL 34221",Palmetto
33570,"1101 8th Ave W, Palmetto, FL 34221",Palmetto
33570,"11245 US Highway 301 N, Parrish, FL 34219",Parrish
33570,"9005 US Highway 301 N, Parrish, FL 34219",Parrish
33570,"250 3rd St S, Saint Petersburg, FL 33701",Saint Petersburg
33570,"725 1st Ave S, Saint Petersburg, FL 33701",Saint Petersburg
33570,"3030 54th Ave S, Saint Petersburg, FL 33712",Saint Petersburg
33570,"200 37th Ave N, Saint Petersburg, FL 33704",Saint Petersburg
33570,"3700 4th St N, Saint Petersburg, FL 33704",Saint Petersburg
33570,"5295 34th St S, Saint Petersburg, FL 33711",Saint Petersburg
33567,"2125 E County Road 540a, Lakeland, FL 33813",Lakeland
33563,"4747 S Florida Ave Ste 110, Lakeland, FL 33813",Lakeland
33563,"4730 S Florida Ave, Lakeland, FL 33813",Lakeland
33563,"1617 US Hwy 98 S, Lakeland, FL 33801",Lakeland
33556,"4701 Sunray Dr, Holiday, FL 34690",Holiday
33556,"1346 Seven Springs Blvd, New Port Richey, FL 34655",New Port Richey
33556,"5324 Little Rd, New Port Richey, FL 34655",New Port Richey
33556,"11400 Ridge Rd, New Port Richey, FL 34654",New Port Richey
33556,"5127 US Highway 19, New Port Richey, FL 34652",New Port Richey
33556,"36301 E Lake Rd, Palm Harbor, FL 34685",Palm Harbor
33556,"12139 W Linebaugh Ave, Tampa, FL 33626",Tampa
33556,"40932 US Highway 19 N, Tarpon Springs, FL 34689",Tarpon Springs
33556,"3100 Little Rd, Trinity, FL 34655",Trinity
33548,"13589 SR 54, Odessa, FL 33556",Odessa
33548,"12500 SR 54, Odessa, FL 33556",Odessa
33548,"15151 N Dale Mabry Hwy, Tampa, FL 33618",Tampa
33548,"5371 Ehrlich Rd, Tampa, FL 33625",Tampa
33548,"13178 N Dale Mabry Hwy, Tampa, FL 33618",Tampa
33548,"12024 Anderson Rd, Tampa, FL 33625",Tampa
33548,"7835 Gunn Hwy, Tampa, FL 33626",Tampa
33548,"10015 N Dale Mabry Hwy, Tampa, FL 33618",Tampa
33544,"2175 Sembler Dr, Odessa, FL 33556",Odessa
33534,"3617 W Gandy Blvd, Tampa, FL 33611",Tampa
33534,"3838 Britton Plaza, Tampa, FL 33611",Tampa
33534,"4315 W Gandy Blvd, Tampa, FL 33611",Tampa
33530,"3636 Harden Blvd, Lakeland, FL 33803",Lakeland
33530,"2040 Shepherd Rd, Mulberry, FL 33860",Mulberry
33524,"7340 Kathleen Rd, Lakeland, FL 33810",Lakeland
33524,"6767 US Highway 98 N, Lakeland, FL 33809",Lakeland
33524,"2300 Griffin Rd, Lakeland, FL 33810",Lakeland
33524,"5375 N Socrum Loop Rd, Lakeland, FL 33809",Lakeland
33524,"5140 County Line Rd, Lakeland, FL 33811",Lakeland
33524,"2515 S Florida Ave, Lakeland, FL 33803",Lakeland
33524,"2202 James L Redman Pkwy, Plant City, FL 33563",Plant City
33523,"14851 State Road 52, Hudson, FL 34669",Hudson
33523,"13455 County Line Rd, Spring Hill, FL 34609",Spring Hill
33523,"160 Mariner Rd, Spring Hill, FL 34609",Spring Hill
33523,"4158 Mariner Blvd, Spring Hill, FL 34609",Spring Hill
33523,"4365 Commercial Way, Spring Hill, FL 34606",Spring Hill
33514,"4351 S Highway 27, Clermont, FL 34711",Clermont
33513,"19390 Cortez Blvd, Brooksville, FL 34601",Brooksville
33513,"14371 Spring Hill Dr, Spring Hill, FL 34609",Spring Hill
33513,"9595 Commercial Way, Weeki Wachee, FL 34613",Weeki Wachee
33510,"6001 N Nebraska Ave, Tampa, FL 33604",Tampa
33508,"555 Channelside Dr, Tampa, FL 33602",Tampa
33508,"1105 E Twiggs St, Tampa, FL 33602",Tampa
33508,"243 Bayshore Blvd, Tampa, FL 33606",Tampa
33503,"7064 Waterset Blvd, Apollo Beach, FL 33572",Apollo Beach
33503,"6434 N US Highway 41, Apollo Beach, FL 33572",Apollo Beach
33503,"5052 N Highway 41, Apollo Beach, FL 33572",Apollo Beach
33503,"949 E Bloomingdale Ave, Brandon, FL 33511",Brandon
33503,"11255 Causeway Blvd, Brandon, FL 33511",Brandon
33503,"939 W Brandon Blvd, Brandon, FL 33511",Brandon
33503,"1220 Kingsway Rd, Brandon, FL 33510",Brandon
33503,"5655 Circa Fishhawk Blvd, Lithia, FL 33547",Lithia
33503,"5642 FishHawk Crossing Blvd, Lithia, FL 33547",Lithia
33503,"11635 Moccasin Wallow Rd, Parrish, FL 34219",Parrish
33503,"13154 US Highway 301 S, Riverview, FL 33578",Riverview
33503,"11460 S US Highway 301, Riverview, FL 33578",Riverview
33503,"11667 Boyette Rd, Riverview, FL 33569",Riverview
33503,"11109 Winthrop Market St, Riverview, FL 33578",Riverview
33503,"3863 US Highway 301 S, Riverview, FL 33578",Riverview
33503,"11782 E Dr Martin Luther King Jr Blvd, Seffner, FL 33584",Seffner
33503,"4854 Sun City Center Blvd, Sun City Center, FL 33573",Sun City Center
33503,"3461 Lithia Pinecrest Rd, Valrico, FL 33596",Valrico
33503,"1971 E State Road 60, Valrico, FL 33594",Valrico
33503,"14323 S US Hwy 301, Wimauma, FL 33598",Wimauma
33471,"2551 SE Hwy 70, Arcadia, FL 34266",Arcadia
33471,"2160 McGregor Blvd, Fort Myers, FL 33901",Fort Myers
33471,"6900 Daniels Pkwy Ste 19, Fort Myers, FL 33912",Fort Myers
33471,"586 US 27 N, Lake Placid, FL 33852",Lake Placid
33471,"6700 Bayshore Rd, North Fort Myers, FL 33917",North Fort Myers
33471,"17960 N Tamiami Trl, North Fort Myers, FL 33903",North Fort Myers
33471,"4065 Hancock Bridge Pkwy, North Fort Myers, FL 33903",North Fort Myers
33471,"2848 US 27 S Ste 107, Sebring, FL 33870",Sebring
33471,"3610 US Highway 27 N, Sebring, FL 33870",Sebring
33459,"3551 US Highway 441 S, Okeechobee, FL 34974",Okeechobee
33455,"1780 NE Jensen Beach Blvd, Jensen Beach, FL 34957",Jensen Beach
33455,"900 NE Ocean Blvd, Stuart, FL 34996",Stuart
33440,"4975 Avila Ave, Ave Maria, FL 34142",Ave Maria
33440,"42051 Cypress Pkwy, Babcock Ranch, FL 33982",Babcock Ranch
33440,"12900 Trade Way Four, Bonita Springs, FL 34135",Bonita Springs
33440,"19050 Corkscrew Rd, Estero, FL 33928",Estero
33440,"20311 Grande Oak Shoppes Blvd, Estero, FL 33928",Estero
33440,"14561 Palm Beach Blvd Ste 150, Fort Myers, FL 33905",Fort Myers
33440,"13121 Paul J Doherty Pkwy, Fort Myers, FL 33913",Fort Myers
33440,"11851 Palm Beach Blvd, Fort Myers, FL 33905",Fort Myers
33440,"13650 Fiddlesticks Blvd, Fort Myers, FL 33912",Fort Myers
33440,"7950 Dani Dr Ste 200, Fort Myers, FL 33966",Fort Myers
33440,"1324 Homestead Rd N, Lehigh Acres, FL 33936",Lehigh Acres
33440,"5781 Lee Blvd, Lehigh Acres, FL 33971",Lehigh Acres
33440,"1715 Oil Well Rd, Naples, FL 34120",Naples
33440,"13550 Immokalee Rd, Naples, FL 34120",Naples
33440,"15265 Collier Blvd, Naples, FL 34119",Naples
33440,"12975 Collier Blvd Ste 200, Naples, FL 34116",Naples
33440,"5624 Strand Blvd, Naples, FL 34110",Naples
33438,"8605 SE Federal Hwy, Hobe Sound, FL 33455",Hobe Sound
33438,"11750 SE Federal Hwy, Hobe Sound, FL 33455",Hobe Sound
33438,"2750 SW Martin Downs Blvd, Palm City, FL 34990",Palm City
33438,"1395 SW Martin Hwy, Palm City, FL 34990",Palm City
33438,"788 SE Becker Rd, Port Saint Lucie, FL 34984",Port Saint Lucie
33438,"6550 S Kanner Hwy, Stuart, FL 34997",Stuart
33438,"746 SW Federal Hwy, Stuart, FL 34994",Stuart
33438,"3540 SE Federal Hwy, Stuart, FL 34997",Stuart
33438,"5893 SE Federal Hwy, Stuart, FL 34997",Stuart
33438,"1501 NW Federal Hwy, Stuart, FL 34994",Stuart
33434,"7375 Atlantic Ave, Delray Beach, FL 33446",Delray Beach
33431,"16130 Jog Rd, Delray Beach, FL 33446",Delray Beach
33430,"9239 W Atlantic Ave, Delray Beach, FL 33446",Delray Beach
33428,"9720 Clint Moore Rd, Boca Raton, FL 33496",Boca Raton
33427,"1968 NE 5th Ave, Boca Raton, FL 33431",Boca Raton
33427,"4141 N Federal Hwy, Boca Raton, FL 33431",Boca Raton
33427,"3003 Yamato Rd Ste C9, Boca Raton, FL 33434",Boca Raton
33427,"5050 Champion Blvd, Boca Raton, FL 33496",Boca Raton
33427,"7431 N Federal Hwy, Boca Raton, FL 33487",Boca Raton
33425,"501 SE 18th Ave, Boynton Beach, FL 33435",Boynton Beach
33425,"133 N Congress Ave, Boynton Beach, FL 33426",Boynton Beach
33425,"4966 Le Chalet Blvd, Boynton Beach, FL 33436",Boynton Beach
33425,"6627 Boynton Beach Blvd, Boynton Beach, FL 33437",Boynton Beach
33425,"10935 S Jog Rd, Boynton Beach, FL 33437",Boynton Beach
33425,"12425 Hagen Ranch Rd, Boynton Beach, FL 33437",Boynton Beach
33425,"555 NE 5th Ave, Delray Beach, FL 33483",Delray Beach
33425,"1538 S Federal Hwy, Delray Beach, FL 33483",Delray Beach
33425,"4771 W Atlantic Ave, Delray Beach, FL 33445",Delray Beach
33425,"11200 S Military Trl, Golf, FL 33436",Golf
33425,"13860 S Jog Rd, West Delray Beach, FL 33446",West Delray Beach
33418,"10142 Indiantown Rd, Jupiter, FL 33478",Jupiter
33414,"8340 S Jog Rd, Boynton Beach, FL 33472",Boynton Beach
33414,"8780 Boynton Beach Blvd, Boynton Beach, FL 33472",Boynton Beach
33414,"8899 Hypoluxo Rd, Lake Worth, FL 33467",Lake Worth
33411,"9855 Lake Worth Rd, Lake Worth, FL 33467",Lake Worth
33411,"7050 Seminole Pratt Whitney Rd, Loxahatchee, FL 33470",Loxahatchee
33411,"15625 Southern Blvd, Loxahatchee Groves, FL 33470",Loxahatchee Groves
33411,"12535 Northlake Blvd, Palm Beach Gardens, FL 33412",Palm Beach Gardens
33411,"1180 Royal Palm Beach Blvd, Royal Palm Beach, FL 33411",Royal Palm Beach
33411,"11977 Southern Blvd, Royal Palm Beach, FL 33411",Royal Palm Beach
33411,"10640 Forest Hill Blvd, Wellington, FL 33414",Wellington
33411,"11950 Forest Hill Blvd, Wellington, FL 33414",Wellington
33411,"13880 Wellington Trce, Wellington, FL 33414",Wellington
33411,"16841 Persimmon Blvd W Unit 1000, Westlake, FL 33470",Westlake
33408,"95 S US Highway 1, Jupiter, FL 33477",Jupiter
33408,"17400 N Alternate A1A, Jupiter, FL 33477",Jupiter
33408,"6330 W Indiantown Rd, Jupiter, FL 33458",Jupiter
33408,"500 N US Highway 1, Tequesta, FL 33469",Tequesta
33406,"127 S State Road 7, Royal Palm Beach, FL 33414",Royal Palm Beach
33405,"4770 N Congress Ave, Boynton Beach, FL 33426",Boynton Beach
33405,"1005 Gateway Blvd, Boynton Beach, FL 33426",Boynton Beach
33405,"5970 S Jog Rd, Lake Worth, FL 33467",Lake Worth
33405,"7745 Lake Worth Rd, Lake Worth, FL 33467",Lake Worth
33405,"262 S Ocean Blvd, Manalapan, FL 33462",Manalapan
33403,"5500 Military Trl Ste 25, Jupiter, FL 33458",Jupiter
33403,"4060 S US Highway 1, Jupiter, FL 33477",Jupiter
33403,"123 Honeybell Way, Jupiter, FL 33458",Jupiter
33403,"11566 US Highway 1, Palm Beach Gardens, FL 33408",Palm Beach Gardens
33403,"6251 P G A Blvd, Palm Beach Gardens, FL 33418",Palm Beach Gardens
33403,"4101 Hood Rd, Palm Beach Gardens, FL 33410",Palm Beach Gardens
33403,"5410 Donald Ross Rd, Palm Beach Gardens, FL 33418",Palm Beach Gardens
33403,"10130 Northlake Blvd, West Palm Beach, FL 33412",West Palm Beach
33401,"6790 Forest Hill Blvd, Greenacres, FL 33413",Greenacres
33401,"4849 S Military Trl, Greenacres, FL 33463",Greenacres
33401,"374 Northlake Blvd, Lake Park, FL 33408",Lake Park
33401,"214 N Dixie Hwy, Lake Worth, FL 33460",Lake Worth
33401,"1589 Lantana Rd, Lantana, FL 33462",Lantana
33401,"135 Bradley Pl, Palm Beach, FL 33480",Palm Beach
33401,"4200 Northlake Blvd, Palm Beach Gardens, FL 33410",Palm Beach Gardens
33401,"9900 Alternate A1A, Palm Beach Gardens, FL 33410",Palm Beach Gardens
33401,"10913 N Military Trl, Palm Beach Gardens, FL 33410",Palm Beach Gardens
33401,"1700 S Congress Ave, Palm Springs, FL 33461",Palm Springs
33401,"228 E Blue Heron Blvd, Riviera Beach, FL 33404",Riviera Beach
33401,"375 S Rosemary Ave, West Palm Beach, FL 33401",West Palm Beach
33401,"500 Belvedere Rd, West Palm Beach, FL 33405",West Palm Beach
33401,"831 Village Blvd, West Palm Beach, FL 33409",West Palm Beach
33401,"2895 N Military Trl, West Palm Beach, FL 33409",West Palm Beach
33401,"828 Southern Blvd, West Palm Beach, FL 33405",West Palm Beach
33401,"4075 N Haverhill Rd, West Palm Beach, FL 33417",West Palm Beach
33401,"926 S Military Trl, West Palm Beach, FL 33415",West Palm Beach
33401,"6820 Okeechobee Blvd, West Palm Beach, FL 33411",West Palm Beach
33401,"8989 Okeechobee Blvd, West Palm Beach, FL 33411",West Palm Beach
33323,"1170 Weston Rd, Weston, FL 33326",Weston
33323,"294 Indian Trace, Weston, FL 33326",Weston
33323,"1601 Promenade Blvd, Weston, FL 33326",Weston
33323,"2465 Glades Cir, Weston, FL 33327",Weston
33320,"13700 W State Road 84, Davie, FL 33325",Davie
33317,"225 S Flamingo Rd, Plantation, FL 33325",Plantation
33313,"10065 Cleary Blvd, Plantation, FL 33324",Plantation
33313,"12500 W Sunrise Blvd, Sunrise, FL 33323",Sunrise
33312,"1181 S University Dr, Plantation, FL 33324",Plantation
33312,"550 N Pine Island Rd, Plantation, FL 33324",Plantation
33302,"6921 W Broward Blvd, Plantation, FL 33317",Plantation
33116,"9041 SW 107th Ave, Miami, FL 33176",Miami
33116,"8250 Mills Dr, Miami, FL 33183",Miami
33114,"1542 S Dixie Hwy, Coral Gables, FL 33146",Coral Gables
33114,"9105 S Dadeland Blvd, Miami, FL 33156",Miami
33112,"13850 SW 8th St, Miami, FL 33184",Miami
33112,"11495 Bird Rd, Miami, FL 33165",Miami
33112,"14630 SW 26th St, Miami, FL 33175",Miami
33112,"9420 SW 56th St, Miami, FL 33165",Miami
33112,"13890 SW 56th St, Miami, FL 33175",Miami
33111,"1401 Monza Ave, Coral Gables, FL 33146",Coral Gables
33109,"6876 Collins Ave, Miami Beach, FL 33141",Miami Beach
33109,"9400 Harding Ave, Surfside, FL 33154",Surfside
33102,"8680 SW 24th St, Miami, FL 33155",Miami
33102,"7805 SW 40th St, Miami, FL 33155",Miami
33102,"1525 SW 107th Ave, Miami, FL 33174",Miami
33101,"601 NW 2nd Ave, Miami, FL 33136",Miami
33101,"311 SW 7th St, Miami, FL 33130",Miami
33101,"911 SW 1st Ave, Miami, FL 33130",Miami
33101,"1776 Biscayne Blvd, Miami, FL 33132",Miami
33101,"134 SW 13th St, Miami, FL 33130",Miami
33101,"2270 SW 27th Ave, Miami, FL 33145",Miami
33101,"1920 West Ave, Miami Beach, FL 33139",Miami Beach
33101,"1100 6th St, Miami Beach, FL 33139",Miami Beach
33101,"1045 Dade Blvd, Miami Beach, FL 33139",Miami Beach
33076,"19595 S State Rd 7, Boca Raton, FL 33498",Boca Raton
33068,"5855 W Oakland Park Blvd Ste 203, Lauderhill, FL 33313",Lauderhill
33068,"8101 W Sunrise Blvd, Plantation, FL 33322",Plantation
33068,"9300 W Commercial Blvd, Sunrise, FL 33351",Sunrise
33068,"10155 W Oakland Park Blvd, Sunrise, FL 33351",Sunrise
33067,"9846 Glades Rd, Boca Raton, FL 33434",Boca Raton
33067,"8210 Glades Rd, Boca Raton, FL 33434",Boca Raton
33065,"11650 W Palmetto Park Rd, Boca Raton, FL 33428",Boca Raton
33065,"22973 State Road 7, Boca Raton, FL 33428",Boca Raton
33065,"5950 Coral Ridge Dr, Coral Springs, FL 33076",Coral Springs
33065,"8095 N University Dr, Parkland, FL 33067",Parkland
33064,"1339 W Palmetto Park Rd, Boca Raton, FL 33486",Boca Raton
33064,"7060 W Palmetto Park Rd, Boca Raton, FL 33433",Boca Raton
33064,"21230 Saint Andrews Blvd, Boca Raton, FL 33433",Boca Raton
33063,"5365 Lyons Rd, Coconut Creek, FL 33073",Coconut Creek
33063,"6570 N State Road 7, Coconut Creek, FL 33073",Coconut Creek
33063,"4760 W Hillsboro Blvd, Coconut Creek, FL 33073",Coconut Creek
33063,"6270 W Sample Rd, Coral Springs, FL 33067",Coral Springs
33063,"2201 N University Dr, Coral Springs, FL 33071",Coral Springs
33063,"1285 N University Dr, Coral Springs, FL 33071",Coral Springs
33063,"8160 Wiles Rd, Coral Springs, FL 33067",Coral Springs
33063,"1400 Coral Ridge Dr, Coral Springs, FL 33071",Coral Springs
33063,"10701 Wiles Rd, Coral Springs, FL 33076",Coral Springs
33063,"11600 W Sample Rd, Coral Springs, FL 33065",Coral Springs
33063,"7230 W Atlantic Blvd, Margate, FL 33063",Margate
33063,"8140 W McNab Rd, North Lauderdale, FL 33068",North Lauderdale
33063,"8245 NW 88th Ave, Tamarac, FL 33321",Tamarac
33063,"4121 W Commercial Blvd, Tamarac, FL 33319",Tamarac
33063,"5881 N University Dr, Tamarac, FL 33321",Tamarac
33062,"1001 S Federal Hwy, Boca Raton, FL 33432",Boca Raton
33060,"4849 Coconut Creek Pkwy, Coconut Creek, FL 33063",Coconut Creek
33060,"1337 S Military Trl, Deerfield Beach, FL 33442",Deerfield Beach
33060,"150 S Federal Hwy, Deerfield Beach, FL 33441",Deerfield Beach
33060,"3740 W Hillsboro Blvd, Deerfield Beach, FL 33442",Deerfield Beach
33060,"3400 N Federal Hwy, Fort Lauderdale, FL 33306",Fort Lauderdale
33060,"2985 N Ocean Blvd, Fort Lauderdale, FL 33308",Fort Lauderdale
33060,"2450 N Federal Hwy, Lighthouse Point, FL 33064",Lighthouse Point
33060,"3700 N Federal Hwy, Lighthouse Point, FL 33064",Lighthouse Point
33060,"1297 S State Road 7, North Lauderdale, FL 33068",North Lauderdale
33060,"1003 E Commercial Blvd, Oakland Park, FL 33334",Oakland Park
33060,"950 E Commercial Blvd, Oakland Park, FL 33334",Oakland Park
33060,"411 S Cypress Rd, Pompano Beach, FL 33060",Pompano Beach
33060,"2511 E Atlantic Blvd, Pompano Beach, FL 33062",Pompano Beach
33060,"1405 S Federal Hwy, Pompano Beach, FL 33062",Pompano Beach
33060,"3435 N Federal Hwy, Pompano Beach, FL 33064",Pompano Beach
33060,"1140 SW 36th Ave, Pompano Beach, FL 33069",Pompano Beach
33060,"4703 N Ocean Dr, Sea Ranch Lakes, FL 33308",Sea Ranch Lakes
33060,"100 W Oakland Park Blvd, Wilton Manors, FL 33311",Wilton Manors
33040,"1112 Key Plaza, Key West, FL 33040",Key West
33040,"3316 N Roosevelt Blvd, Key West, FL 33040",Key West
33034,"15750 SW 72nd St, Miami, FL 33193",Miami
33034,"15755 SW 56th St, Miami, FL 33185",Miami
33034,"4260 SW 152nd Ave, Miami, FL 33185",Miami
33032,"13005 SW 89th Pl, Miami, FL 33176",Miami
33032,"13401 S Dixie Hwy, Pinecrest, FL 33156",Pinecrest
33031,"11750 SW 104th St, Miami, FL 33176",Miami
33030,"20951 Old Cutler Rd, Cutler Bay, FL 33189",Cutler Bay
33030,"20425 Old Cutler Rd, Cutler Bay, FL 33189",Cutler Bay
33030,"18485 S Dixie Hwy, Cutler Bay, FL 33157",Cutler Bay
33030,"3060 NE 41st Ter, Homestead, FL 33033",Homestead
33030,"23300 SW 112th Ave, Homestead, FL 33032",Homestead
33030,"18280 SW 147th Ave, Miami, FL 33187",Miami
33030,"20201 SW 127th Ave, Miami, FL 33177",Miami
33030,"20711 S Dixie Hwy, Miami, FL 33189",Miami
33030,"15771 SW 152nd St, Miami, FL 33187",Miami
33030,"13735 SW 152nd St, Miami, FL 33177",Miami
33030,"12100 SW 127th Ave, Miami, FL 33186",Miami
33030,"10201 Hammocks Blvd Ste 111, Miami, FL 33196",Miami
33030,"9510 SW 160th St, Miami, FL 33157",Miami
33030,"16800 SW 88th St, Miami, FL 33196",Miami
33030,"13001 SW 112th St, Miami, FL 33186",Miami
33030,"13820 SW 88th St, Miami, FL 33186",Miami
33030,"14601 S Dixie Hwy, Palmetto Bay, FL 33176",Palmetto Bay
33027,"19441 Sheridan St, Fort Lauderdale, FL 33332",Fort Lauderdale
33026,"4901 SW 148th Ave, Davie, FL 33330",Davie
33026,"15801 Sheridan St, Southwest Ranches, FL 33331",Southwest Ranches
33026,"4567 Weston Rd, Weston, FL 33331",Weston
33024,"10018 Griffin Rd, Cooper City, FL 33328",Cooper City
33024,"5656 S Flamingo Rd, Cooper City, FL 33330",Cooper City
33024,"8842 W State Road 84, Davie, FL 33324",Davie
33021,"9359 Sheridan St, Cooper City, FL 33024",Cooper City
33021,"4701 S University Dr, Davie, FL 33328",Davie
33018,"18341 Pines Blvd, Pembroke Pines, FL 33029",Pembroke Pines
33015,"18409 Miramar Pkwy, Miramar, FL 33029",Miramar
33015,"16024 Pines Blvd #101, Pembroke Pines, FL 33027",Pembroke Pines
33015,"15729 Pines Blvd, Pembroke Pines, FL 33027",Pembroke Pines
33015,"1657 N Hiatus Rd, Pembroke Pines, FL 33026",Pembroke Pines
33015,"600 N University Dr, Pembroke Pines, FL 33024",Pembroke Pines
33014,"12681 Miramar Pkwy, Miramar, FL 33027",Miramar
33014,"9951 Miramar Pkwy, Miramar, FL 33025",Miramar
33014,"14375 Miramar Pkwy, Miramar, FL 33027",Miramar
33014,"11000 Pembroke Rd, Miramar, FL 33025",Miramar
33014,"170 S Flamingo Rd, Pembroke Pines, FL 33027",Pembroke Pines
33014,"10450 Pines Blvd, Pembroke Pines, FL 33026",Pembroke Pines
33012,"3339 W 80th St, Hialeah, FL 33018",Hialeah
33012,"3685 W 85th Path, Hialeah, FL 33018",Hialeah
33012,"18496 NW 67th Ave, Hialeah, FL 33015",Hialeah
33012,"8601 NW 186th St, Hialeah, FL 33015",Hialeah
33012,"9951 W Flagler St, Miami, FL 33174",Miami
33010,"106 Ponce De Leon Blvd, Coral Gables, FL 33135",Coral Gables
33010,"1500 S Douglas Rd, Coral Gables, FL 33134",Coral Gables
33010,"2551 S Le Jeune Rd, Coral Gables, FL 33134",Coral Gables
33010,"8455 NW 53rd Terrace, Doral, FL 33166",Doral
33010,"9755 NW 41st St, Doral, FL 33178",Doral
33010,"7550 NW 104th Ave, Doral, FL 33178",Doral
33010,"10755 NW 58th St, Doral, FL 33178",Doral
33010,"155 E 2nd Ave, Hialeah, FL 33010",Hialeah
33010,"3251 E 2nd Ave, Hialeah, FL 33013",Hialeah
33010,"1585 W 49th St, Hialeah, FL 33012",Hialeah
33010,"1290 W 68th St, Hialeah, FL 33014",Hialeah
33010,"2414 W 60th St, Hialeah, FL 33016",Hialeah
33010,"5715 NW 7th St, Miami, FL 33126",Miami
33010,"1420 NW North River Dr Ste 110, Miami, FL 33125",Miami
33010,"121 SW 22nd Ave, Miami, FL 33135",Miami
33010,"8341 W Flagler St, Miami, FL 33144",Miami
33010,"4870 Biscayne Blvd, Miami, FL 33137",Miami
33010,"15000 Miami Lakes Dr E, Miami Lakes, FL 33014",Miami Lakes
33010,"9050 Biscayne Blvd, Miami Shores, FL 33138",Miami Shores
33010,"1500 SW 57th Ave, West Miami, FL 33144",West Miami
33008,"2952 Aventura Blvd, Aventura, FL 33180",Aventura
33008,"18995 Biscayne Blvd, Aventura, FL 33180",Aventura
33008,"19955 NW 2nd Ave, Miami Gardens, FL 33169",Miami Gardens
33008,"6890 Miramar Pkwy, Miramar, FL 33023",Miramar
33008,"12800 Biscayne Blvd, North Miami, FL 33181",North Miami
33008,"12855 NE 6th Ave, North Miami, FL 33161",North Miami
33008,"1700 NE Miami Gardens Dr, North Miami Beach, FL 33179",North Miami Beach
33008,"930 N Miami Beach Blvd, North Miami Beach, FL 33162",North Miami Beach
33008,"14641 Biscayne Blvd, North Miami Beach, FL 33181",North Miami Beach
33008,"18320 Collins Avenue, Sunny Isles Beach, FL 33160",Sunny Isles Beach
33004,"402 E Dania Beach Blvd, Dania Beach, FL 33004",Dania Beach
33004,"3102 Griffin Rd, Dania Beach, FL 33312",Dania Beach
33004,"5997 Stirling Rd, Davie, FL 33314",Davie
33004,"6525 Nova Dr, Davie, FL 33317",Davie
33004,"1940 Cordova Rd, Fort Lauderdale, FL 33316",Fort Lauderdale
33004,"601 S Andrews Ave, Fort Lauderdale, FL 33301",Fort Lauderdale
33004,"255 SE 3rd Ave, Fort Lauderdale, FL 33301",Fort Lauderdale
33004,"3500 W Davie Blvd, Fort Lauderdale, FL 33312",Fort Lauderdale
33004,"1415 E Sunrise Blvd, Fort Lauderdale, FL 33304",Fort Lauderdale
33004,"2501 E Sunrise Blvd, Fort Lauderdale, FL 33304",Fort Lauderdale
33004,"1750 N Federal Hwy, Fort Lauderdale, FL 33305",Fort Lauderdale
33004,"1400 E Hallandale Beach Blvd, Hallandale Beach, FL 33009",Hallandale Beach
33004,"1700 Sheridan St, Hollywood, FL 33020",Hollywood
33004,"1740 Polk St, Hollywood, FL 33020",Hollywood
33004,"3251 Hollywood Blvd, Hollywood, FL 33021",Hollywood
33004,"5211 Sheridan St, Hollywood, FL 33021",Hollywood
33004,"3100 S Ocean Dr, Hollywood, FL 33019",Hollywood
33004,"6901 Taft St, Hollywood, FL 33024",Hollywood
33004,"3921 W Broward Blvd, Plantation, FL 33312",Plantation
33004,"2633 N Dixie Hwy, Wilton Manors, FL 33334",Wilton Manors
33002,"2515 Thonotosassa Rd, Plant City, FL 33563",Plant City
33001,"1220 E Palm Dr, Homestead, FL 33035",Homestead
33001,"891 N Homestead Blvd, Homestead, FL 33030",Homestead
33001,"2950 NE 8th St, Homestead, FL 33033",Homestead
33001,"83268 Overseas Hwy, Islamorada, FL 33036",Islamorada
33001,"101499 Overseas Hwy, Key Largo, FL 33037",Key Largo
33001,"5407 Overseas Hwy, Marathon, FL 33050",Marathon
32968,"12407 SW Community Blvd, Port Saint Lucie, FL 34987",Port Saint Lucie
32962,"4231 NW Federal Hwy, Jensen Beach, FL 34957",Jensen Beach
32962,"3253 SW Port St Lucie Blvd, Port Saint Lucie, FL 34953",Port Saint Lucie
32960,"2517 S Federal Hwy, Fort Pierce, FL 34982",Fort Pierce
32960,"5473 NW Saint James Dr, Port Saint Lucie, FL 34983",Port Saint Lucie
32960,"7576 S US Highway 1, Port Saint Lucie, FL 34952",Port Saint Lucie
32960,"1537 NW St Lucie West Blvd, Port Saint Lucie, FL 34986",Port Saint Lucie
32960,"9335 SW Commerce Centre Dr, Port Saint Lucie, FL 34986",Port Saint Lucie
32960,"9100 S US Highway 1, Port Saint Lucie, FL 34952",Port Saint Lucie
32960,"10400 SW Village Center Dr, Port Saint Lucie, FL 34987",Port Saint Lucie
32960,"1125 SE Port St Lucie Blvd, Port Saint Lucie, FL 34952",Port Saint Lucie
32958,"1851 N US Hwy 1, Fort Pierce, FL 34946",Fort Pierce
32948,"4145 9th St SW, Vero Beach, FL 32968",Vero Beach
32948,"415 21st St, Vero Beach, FL 32960",Vero Beach
32948,"1255 US Highway 1, Vero Beach, FL 32960",Vero Beach
32948,"810 S US Highway 1, Vero Beach, FL 32962",Vero Beach
32909,"5230 US Highway 1, Vero Beach, FL 32967",Vero Beach
32909,"2040 58th Ave, Vero Beach, FL 32966",Vero Beach
32908,"9621 N US Highway 1, Sebastian, FL 32958",Sebastian
32905,"13435 US Highway 1, Sebastian, FL 32958",Sebastian
32905,"1451 Sebastian Blvd Ste 200, Sebastian, FL 32958",Sebastian
32901,"700 N Miramar Ave, Indialantic, FL 32903",Indialantic
32901,"1411 S Babcock St, Melbourne, FL 32901",Melbourne
32901,"3830 S Highway A1A, Melbourne Beach, FL 32951",Melbourne Beach
32901,"4711 Babcock St NE, Palm Bay, FL 32905",Palm Bay
32901,"1150 Malabar Rd SE Ste 120, Palm Bay, FL 32907",Palm Bay
32901,"150 Saint Johns Heritage Pkwy NW Suite 101, Palm Bay, FL 32907",Palm Bay
32901,"3450 Bayside Lakes Blvd SE, Palm Bay, FL 32909",Palm Bay
32901,"9179 Babcock St SE, Palm Bay, FL 32909",Palm Bay
32901,"2261 W New Haven Ave, West Melbourne, FL 32904",West Melbourne
32901,"145 Palm Bay Rd NE Ste 117, West Melbourne, FL 32904",West Melbourne
32899,"270 E Eau Gallie Blvd, Indian Harbour Beach, FL 32937",Indian Harbour Beach
32899,"3200 Lake Washington Rd, Melbourne, FL 32934",Melbourne
32832,"1951 S Narcoossee Rd, Saint Cloud, FL 34771",Saint Cloud
32832,"4401 13th St, Saint Cloud, FL 34769",Saint Cloud
32830,"17445 US Highway 192 Ste 11, Clermont, FL 34714",Clermont
32830,"2430 US Highway 27, Clermont, FL 34714",Clermont
32830,"2424 Sand Mine Rd, Davenport, FL 33897",Davenport
32830,"10650 Avalon Rd, Winter Garden, FL 34787",Winter Garden
32830,"5400 Hamlin Groves Trail, Winter Garden, FL 34787",Winter Garden
32824,"2625 Simpson Rd, Kissimmee, FL 34744",Kissimmee
32824,"2338 E Irlo Bronson Memorial Hwy, Kissimmee, FL 34744",Kissimmee
32824,"14185 Lake Nona Blvd, Orlando, FL 32824",Orlando
32824,"13900 Narcoossee Rd, Orlando, FL 32832",Orlando
32824,"2895 N Narcoossee Rd, Saint Cloud, FL 34771",Saint Cloud
32821,"29 Blake Blvd, Celebration, FL 34747",Celebration
32821,"1910 N John Young Pkwy, Kissimmee, FL 34741",Kissimmee
32821,"14928 E Orange Lake Blvd, Kissimmee, FL 34747",Kissimmee
32821,"3343 S Orange Blossom Trl, Kissimmee, FL 34746",Kissimmee
32819,"3221 Vineland Rd, Kissimmee, FL 34746",Kissimmee
32819,"3040 Dyer Blvd, Kissimmee, FL 34741",Kissimmee
32819,"11055 Daryl Carter Pkwy, Orlando, FL 32836",Orlando
32819,"8145 Vineland Ave, Orlando, FL 32821",Orlando
32819,"7880 Winter Garden Vineland Rd, Windermere, FL 34786",Windermere
32819,"13450 Summerport Village Pkwy, Windermere, FL 34786",Windermere
32815,"1024 Highway A1A Ste 120, Satellite Beach, FL 32937",Satellite Beach
32809,"9930 Universal Blvd, Orlando, FL 32819",Orlando
32809,"12195 S Orange Blossom Trl, Orlando, FL 32837",Orlando
32809,"5350 Central Florida Pkwy, Orlando, FL 32821",Orlando
32809,"7640 W Sand Lake Rd, Orlando, FL 32819",Orlando
32809,"13850 Landstar Blvd, Orlando, FL 32824",Orlando
32809,"3972 Town Ctr Blvd, Orlando, FL 32837",Orlando
32805,"4870 S Apopka Vineland Rd, Orlando, FL 32819",Orlando
32805,"7524 Dr Phillips Blvd, Orlando, FL 32819",Orlando
32801,"3171 S Orange Ave, Orlando, FL 32806",Orlando
32801,"5265 S John Young Pkwy, Orlando, FL 32839",Orlando
32801,"4042 S Semoran Blvd, Orlando, FL 32822",Orlando
32801,"4501 Hoffner Ave, Orlando, FL 32812",Orlando
32789,"4402 Curry Ford Rd, Orlando, FL 32812",Orlando
32789,"2873 S Orange Ave, Orlando, FL 32806",Orlando
32780,"5645 N Atlantic Ave, Cocoa Beach, FL 32931",Cocoa Beach
32780,"2067 N Atlantic Ave, Cocoa Beach, FL 32931",Cocoa Beach
32780,"7777 N Wickham Rd, Melbourne, FL 32940",Melbourne
32780,"7655 Stadium Pkwy, Melbourne, FL 32940",Melbourne
32780,"4100 N Wickham Rd Ste 109, Melbourne, FL 32935",Melbourne
32780,"3820 Murrell Rd, Rockledge, FL 32955",Rockledge
32780,"5380 Stadium Pkwy Ste 100, Rockledge, FL 32955",Rockledge
32778,"1720 E Highway 50, Clermont, FL 34711",Clermont
32777,"13900 County Road 455, Clermont, FL 34711",Clermont
32756,"250 Citrus Tower Blvd, Clermont, FL 34711",Clermont
32751,"400 E Central Blvd, Orlando, FL 32801",Orlando
32733,"409 S Chickasaw Trl, Orlando, FL 32825",Orlando
32730,"1501 Meeting Pl, Orlando, FL 32814",Orlando
32726,"1685 N Hancock Rd, Minneola, FL 34715",Minneola
32714,"1500 E Colonial Dr, Orlando, FL 32803",Orlando
32710,"4606 S Kirkman Rd, Orlando, FL 32811",Orlando
32709,"7325 N US Highway 1, Cocoa, FL 32927",Cocoa
32709,"2301 State Road 524 Ste 150, Cocoa, FL 32926",Cocoa
32709,"1850 N Courtenay Pkwy, Merritt Island, FL 32953",Merritt Island
32709,"125 E Merritt Island Cswy, Merritt Island, FL 32952",Merritt Island
32709,"16825 E Colonial Dr, Orlando, FL 32820",Orlando
32709,"3400 Avalon Park East Blvd, Orlando, FL 32828",Orlando
32709,"1921 S Alafaya Trl, Orlando, FL 32828",Orlando
32709,"12231 E Colonial Dr, Orlando, FL 32826",Orlando
32709,"10250 Curry Ford Rd, Orlando, FL 32825",Orlando
32709,"11286 Dowden Rd, Orlando, FL 32832",Orlando
32709,"10615 Narcoossee Rd, Orlando, FL 32832",Orlando
32709,"6485 S Chickasaw Trl, Orlando, FL 32829",Orlando
32709,"1880 US Hwy 1 S, Rockledge, FL 32955",Rockledge
32709,"2000 Cheney Hwy, Titusville, FL 32780",Titusville
32708,"81 Alafaya Woods Blvd, Oviedo, FL 32765",Oviedo
32708,"4250 Alafaya Trl Ste 148, Oviedo, FL 32765",Oviedo
32707,"10115 University Blvd, Orlando, FL 32817",Orlando
32707,"2871 Clayton Crossing Way Ste 1001, Oviedo, FL 32765",Oviedo
32707,"2100 Winter Springs Blvd, Oviedo, FL 32765",Oviedo
32706,"1160 E State Road 434, Winter Springs, FL 32708",Winter Springs
32703,"301 West Rd, Ocoee, FL 34761",Ocoee
32703,"1720 E Silver Star Rd, Ocoee, FL 34761",Ocoee
32703,"8863 W Colonial Dr, Ocoee, FL 34761",Ocoee
32703,"2600 Maguire Rd, Ocoee, FL 34761",Ocoee
32703,"2435 S Hiawassee Rd, Orlando, FL 32835",Orlando
32703,"13750 W Colonial Dr, Winter Garden, FL 34787",Winter Garden
32702,"1545 Rock Springs Rd, Apopka, FL 32712",Apopka
32701,"503 E Altamonte Dr, Altamonte Springs, FL 32701",Altamonte Springs
32701,"482 E Altamonte Dr Ste 1005, Altamonte Springs, FL 32701",Altamonte Springs
32701,"851 S State Road 434, Altamonte Springs, FL 32714",Altamonte Springs
32701,"1005 N State Rd 434 Ste 1020, Altamonte Springs, FL 32714",Altamonte Springs
32701,"540 S Hunt Club Blvd, Apopka, FL 32703",Apopka
32701,"3385 S US Highway 17/92 Suite 181, Casselberry, FL 32707",Casselberry
32701,"1455 State Road 436 Ste 221, Casselberry, FL 32707",Casselberry
32701,"4195 W Lake Mary Blvd, Lake Mary, FL 32746",Lake Mary
32701,"601 Weldon Blvd, Lake Mary, FL 32746",Lake Mary
32701,"2381 W State Road 434, Longwood, FL 32779",Longwood
32701,"675 Longwood Hills Rd Unit 1001, Longwood, FL 32750",Longwood
32701,"3883 Wekiva Springs Rd, Longwood, FL 32779",Longwood
32701,"242 N Orlando Ave, Maitland, FL 32751",Maitland
32701,"2015 Edgewater Dr, Orlando, FL 32804",Orlando
32701,"2335 N Orange Blossom Trl, Orlando, FL 32804",Orlando
32701,"440 N Orlando Ave, Winter Park, FL 32789",Winter Park
32701,"741 S Orlando Ave, Winter Park, FL 32789",Winter Park
32701,"2295 Aloma Ave, Winter Park, FL 32792",Winter Park
32701,"4000 N Goldenrod Rd, Winter Park, FL 32792",Winter Park
32701,"5655 Red Bug Lake Rd, Winter Springs, FL 32708",Winter Springs
32625,"6760 W Gulf To Lake Hwy, Crystal River, FL 34429",Crystal River
32625,"2685 N Forest Ridge Blvd, Hernando, FL 34442",Hernando
32625,"3942 S Suncoast Blvd, Homosassa, FL 34448",Homosassa
32625,"9525 S Suncoast Blvd, Homosassa, FL 34446",Homosassa
32625,"1012 West Main Street, Inverness, FL 34450",Inverness
32617,"11352 N Williams St Ste 400, Dunnellon, FL 34432",Dunnellon
32501,"852 Gulf Breeze Pkwy, Gulf Breeze, FL 32561",Gulf Breeze
32501,"1430 Tiger Park Ln, Gulf Breeze, FL 32563",Gulf Breeze
32501,"5580 Woodbine Rd, Pace, FL 32571",Pace
32501,"1100 E Cervantes St, Pensacola, FL 32501",Pensacola
32501,"5055 N 9th Ave, Pensacola, FL 32504",Pensacola
32501,"5998 Mobile Hwy, Pensacola, FL 32526",Pensacola
32501,"9251 University Pkwy, Pensacola, FL 32514",Pensacola
32501,"9500 W Hwy 98, Pensacola, FL 32506",Pensacola
32501,"2180 W Nine Mile Rd, Pensacola, FL 32534",Pensacola
32501,"8684 Beulah Rd, Pensacola, FL 32526",Pensacola
32501,"13390 Perdido Key Dr, Pensacola, FL 32507",Pensacola
32434,"5854 Dogwood Dr, Milton, FL 32570",Milton
32434,"8244 Navarre Pkwy, Navarre, FL 32566",Navarre
32434,"4739 Highway 90, Pace, FL 32571",Pace
32433,"10040 Navarre Pkwy, Navarre, FL 32566",Navarre
32422,"1355 N Ferdon Blvd, Crestview, FL 32536",Crestview
32422,"2250 S Ferdon Blvd, Crestview, FL 32536",Crestview
32413,"251 Miracle Strip Pkwy SE, Fort Walton Beach, FL 32548",Fort Walton Beach
32413,"610 Eglin Pkwy NE, Fort Walton Beach, FL 32547",Fort Walton Beach
32413,"421 Mary Esther Cut Off NW, Fort Walton Beach, FL 32548",Fort Walton Beach
32407,"771 Harbor Blvd Unit 100, Destin, FL 32541",Destin
32407,"1520 John Sims Pkwy E, Niceville, FL 32578",Niceville
32401,"4425 Commons Dr E, Destin, FL 32541",Destin
32401,"16400 US Highway 331 S, Freeport, FL 32439",Freeport
32401,"11291 US Hwy 98 E, Inlet Beach, FL 32461",Inlet Beach
32401,"23026 Panama City Beach Pkwy, Panama City Beach, FL 32413",Panama City Beach
32401,"725 Grand Blvd, Sandestin, FL 32550",Sandestin
32401,"110 Watercolor Way, Santa Rosa Beach, FL 32459",Santa Rosa Beach
32401,"2038 US Highway 98 W, Santa Rosa Beach, FL 32459",Santa Rosa Beach
32321,"2419 Thomas Dr, Panama City Beach, FL 32408",Panama City Beach
32321,"11240 Panama City Beach Pkwy, Panama City Beach, FL 32407",Panama City Beach
32320,"2310 S Highway 77, Lynn Haven, FL 32444",Lynn Haven
32320,"4601 Lindsey Crossing, Panama City, FL 32404",Panama City
32320,"650 W 23rd St, Panama City, FL 32405",Panama City
32320,"3213 W Hwy 390, Panama City, FL 32405",Panama City
32301,"2343 Crawfordville Hwy, Crawfordville, FL 32327",Crawfordville
32301,"101 N Blairstone Rd Ste 301, Tallahassee, FL 32301",Tallahassee
32301,"3551 Blairstone Rd, Tallahassee, FL 32301",Tallahassee
32301,"625 W Gaines St, Tallahassee, FL 32304",Tallahassee
32301,"1700 N Monroe St, Tallahassee, FL 32303",Tallahassee
32301,"3122 Mahan Dr, Tallahassee, FL 32308",Tallahassee
32301,"800 Ocala Rd, Tallahassee, FL 32304",Tallahassee
32301,"2111 NE Capital Circle, Tallahassee, FL 32308",Tallahassee
32301,"5032 Capital Cir SW Ste 1, Tallahassee, FL 32305",Tallahassee
32301,"3521 Thomasville Rd, Tallahassee, FL 32309",Tallahassee
32301,"6615 Mahan Dr, Tallahassee, FL 32308",Tallahassee
32301,"5678 Capital Cir NW, Tallahassee, FL 32303",Tallahassee
32301,"6753 Thomasville Rd, Tallahassee, FL 32312",Tallahassee
32301,"8462 Bannerman Blvd, Tallahassee, FL 32312",Tallahassee
32201,"4413 Town Center Pkwy Ste 100, Jacksonville, FL 32246",Jacksonville
32163,"7975 State Road 50, Groveland, FL 34736",Groveland
32141,"443 W CR 419 Ste 1001, Oviedo, FL 32766",Oviedo
32141,"1801 E Broadway St, Oviedo, FL 32765",Oviedo
32141,"3275 Garden St, Titusville, FL 32796",Titusville
32133,"27615 US Highway 27 # U, Leesburg, FL 34748",Leesburg
32133,"2135 Everglades Ln, The Villages, FL 32163",The Villages
32132,"4181 E SR 46, Sanford, FL 32771",Sanford
32114,"3044 S Atlantic Ave, Daytona Beach Shores, FL 32118",Daytona Beach Shores
32114,"2970 S Ridgewood Ave, Edgewater, FL 32141",Edgewater
32114,"1930 State Rd 44, New Smyrna Beach, FL 32168",New Smyrna Beach
32114,"709 E 3rd Ave, New Smyrna Beach, FL 32169",New Smyrna Beach
32111,"10301 S US Hwy 441, Belleview, FL 34420",Belleview
32111,"1120 Bichara Blvd, Lady Lake, FL 32159",Lady Lake
32111,"717 N 14th St, Leesburg, FL 34748",Leesburg
32111,"7578 SE Maricamp Rd Ste 100, Ocala, FL 34472",Ocala
32111,"3035 SE Maricamp Rd, Ocala, FL 34471",Ocala
32111,"3450 E Silver Springs Blvd, Ocala, FL 34470",Ocala
32111,"303 SE 17th St Unit 201, Ocala, FL 34471",Ocala
32111,"2575 SW 42nd St Ste 100, Ocala, FL 34471",Ocala
32111,"2655 NE 35th St, Ocala, FL 34479",Ocala
32111,"5400 SW College Rd Ste 200, Ocala, FL 34474",Ocala
32111,"9570 SW 62nd Avenue Rd, Ocala, FL 34476",Ocala
32111,"2765 NW 49th Ave Ste 301, Ocala, FL 34482",Ocala
32111,"8075 SW Highway 200 Unit 111, Ocala, FL 34481",Ocala
32111,"8780 SE 165th Mulberry Ln, The Villages, FL 32162",The Villages
32111,"1566 Bella Cruz Dr, The Villages, FL 32159",The Villages
32111,"3475 Wedgewood Ln, The Villages, FL 32162",The Villages
32111,"327 Colony Blvd, The Villages, FL 32162",The Villages
32111,"2925 Traverse Trl, The Villages, FL 32163",The Villages
32111,"695 Kristine Way, The Villages, FL 32163",The Villages
32111,"5810 Seven Mile Dr, Wildwood, FL 34785",Wildwood
32109,"11830 US Hwy 301, Dade City, FL 33525",Dade City
32109,"2121 Collier Pkwy, Land O Lakes, FL 34639",Land O Lakes
32109,"7830 Land O Lakes Blvd, Land O Lakes, FL 34638",Land O Lakes
32109,"2801 E County Line Rd, Lutz, FL 33559",Lutz
32109,"19221 N Dale Mabry Hwy, Lutz, FL 33548",Lutz
32109,"18901 State Road 54, Lutz, FL 33558",Lutz
32109,"16560 N Nebraska Ave, Lutz, FL 33549",Lutz
32109,"3939 Van Dyke Rd, Lutz, FL 33558",Lutz
32109,"30841 Mirada Blvd, San Antonio, FL 33576",San Antonio
32109,"10928 Cross Creek Blvd, Tampa, FL 33647",Tampa
32109,"19034 Bruce B. Downs Blvd, Tampa, FL 33647",Tampa
32109,"16041 Tampa Palms Blvd W, Tampa, FL 33647",Tampa
32109,"4425 E Fletcher Ave, Tampa, FL 33613",Tampa
32109,"11502 N 53rd St, Temple Terrace, FL 33617",Temple Terrace
32109,"5450 E Busch Blvd, Temple Terrace, FL 33617",Temple Terrace
32109,"32265 Overpass Rd, Wesley Chapel, FL 33545",Wesley Chapel
32109,"5400 Bruce B Downs Blvd, Wesley Chapel, FL 33544",Wesley Chapel
32109,"1920 County Road 581, Wesley Chapel, FL 33544",Wesley Chapel
32109,"32765 Eiland Blvd, Zephyrhills, FL 33545",Zephyrhills
32109,"7838 Gall Blvd, Zephyrhills, FL 33541",Zephyrhills
32105,"1500 Beville Rd Ste 300, Daytona Beach, FL 32114",Daytona Beach
32105,"2595 N Atlantic Ave, Daytona Beach, FL 32118",Daytona Beach
32105,"1850 Ridgewood Ave, Holly Hill, FL 32117",Holly Hill
32105,"220 N Nova Rd, Ormond Beach, FL 32174",Ormond Beach
32105,"101 E Granada Blvd, Ormond Beach, FL 32176",Ormond Beach
32105,"1258 Ocean Shore Blvd, Ormond Beach, FL 32176",Ormond Beach
32105,"1660 Taylor Rd, Port Orange, FL 32128",Port Orange
32105,"3821 S Nova Rd, Port Orange, FL 32127",Port Orange
32105,"2400 S Ridgewood Ave, South Daytona, FL 32119",South Daytona
32102,"3080 W Kelly Park Rd, Apopka, FL 32712",Apopka
32102,"2630 LPGA Blvd, Daytona Beach, FL 32124",Daytona Beach
32102,"299 E International Speedway Blvd, DeLand, FL 32724",DeLand
32102,"2431 S Woodland Blvd, DeLand, FL 32720",DeLand
32102,"2100 Saxon Blvd, Deltona, FL 32725",Deltona
32102,"915 Doyle Rd, Deltona, FL 32725",Deltona
32102,"2783 Elkcam Blvd, Deltona, FL 32738",Deltona
32102,"605 Courtland Blvd, Deltona, FL 32738",Deltona
32102,"24420 SR 44, Eustis, FL 32736",Eustis
32102,"1950 N Highway 19, Eustis, FL 32726",Eustis
32102,"2840 David Walker Dr, Eustis, FL 32726",Eustis
32102,"870 Village Oak Ln, Lake Mary, FL 32746",Lake Mary
32102,"825 Rinehart Rd, Lake Mary, FL 32746",Lake Mary
32102,"10601 US 441 Ste D, Leesburg, FL 34788",Leesburg
32102,"18955 US Highway 441, Mount Dora, FL 32757",Mount Dora
32102,"6551 N Orange Blossom Trl Ste 155, Mount Dora, FL 32757",Mount Dora
32102,"2556 Enterprise Rd Ste 100, Orange City, FL 32763",Orange City
32102,"1478 W Granada Blvd, Ormond Beach, FL 32174",Ormond Beach
32102,"5240 W State Road 46, Sanford, FL 32771",Sanford
32102,"2042 State Rd 19, Tavares, FL 32778",Tavares
32099,"4320 Deerwood Lake Pkwy, Jacksonville, FL 32216",Jacksonville
32086,"414 Beach Village Dr, Flagler Beach, FL 32136",Flagler Beach
32086,"3750 Roscommon Dr, Ormond Beach, FL 32174",Ormond Beach
32080,"800 Belle Terre Pkwy, Palm Coast, FL 32164",Palm Coast
32034,"13170 Atlantic Blvd Ste 29, Jacksonville, FL 32225",Jacksonville
32034,"12620 Beach Blvd Ste 12, Jacksonville, FL 32246",Jacksonville
32034,"630 Atlantic Blvd, Neptune Beach, FL 32266",Neptune Beach
32034,"580 Atlantic Blvd, Neptune Beach, FL 32266",Neptune Beach
32033,"5415 N Oceanshore Blvd, Palm Coast, FL 32137",Palm Coast
32033,"4950 Belle Terre Pkwy, Palm Coast, FL 32137",Palm Coast
32033,"250 Palm Coast Pkwy NE Unit 1000, Palm Coast, FL 32137",Palm Coast
32011,"1421 Sadler Rd, Fernandina Beach, FL 32034",Fernandina Beach
32011,"2771 Monument Rd Ste 19, Jacksonville, FL 32225",Jacksonville
32011,"463855 State Road 200, Yulee, FL 32097",Yulee
32010,"606 Havendale Blvd, Auburndale, FL 33823",Auburndale
32010,"775 Hwy 559, Auburndale, FL 33823",Auburndale
32010,"255 E Van Fleet Dr, Bartow, FL 33830",Bartow
32010,"8301 Champions Gate Blvd, Champions Gate, FL 33896",Champions Gate
32010,"39883 Highway 27, Davenport, FL 33837",Davenport
32010,"6075 Hwy 17-92 N, Davenport, FL 33896",Davenport
32010,"7800 Lake Wilson Rd, Davenport, FL 33896",Davenport
32010,"1200 Champions Dr, Davenport, FL 33897",Davenport
32010,"617 US Highway 17 92 W, Haines City, FL 33844",Haines City
32010,"4112 E Johnson Ave, Haines City, FL 33844",Haines City
32010,"3839 Pleasant Hill Rd, Kissimmee, FL 34746",Kissimmee
32010,"1725 Future Way, Kissimmee, FL 34747",Kissimmee
32010,"23965 Hwy 27, Lake Wales, FL 33859",Lake Wales
32010,"102 Hwy 60 E, Lake Wales, FL 33853",Lake Wales
32010,"5185 US Highway 98 S, Lakeland, FL 33812",Lakeland
32010,"841 Cypress Pkwy, Poinciana, FL 34759",Poinciana
32010,"1395 6th St NW, Winter Haven, FL 33881",Winter Haven
32010,"6031 Cypress Gardens Blvd, Winter Haven, FL 33884",Winter Haven
32010,"884 Cypress Gardens Blvd, Winter Haven, FL 33880",Winter Haven
32010,"1090 Spirit Lake Rd, Winter Haven, FL 33880",Winter Haven
32009,"11341 Normandy Blvd Ste 201, Jacksonville, FL 32221",Jacksonville
32009,"7749 Normandy Blvd, Jacksonville, FL 32221",Jacksonville
32009,"4495 Roosevelt Blvd Ste 103, Jacksonville, FL 32210",Jacksonville
32009,"1100 Dunn Ave Bldg 100, Jacksonville, FL 32218",Jacksonville
32009,"2033 Riverside Ave, Jacksonville, FL 32204",Jacksonville
32009,"2039 Hendricks Ave Ste 325, Jacksonville, FL 32207",Jacksonville
32009,"731 Duval Station Rd Ste 4, Jacksonville, FL 32218",Jacksonville
32009,"5858 Atlantic Blvd, Jacksonville, FL 32207",Jacksonville
32009,"12541 Yellow Bluff Rd, Jacksonville, FL 32226",Jacksonville
32009,"7117 Merrill Rd, Jacksonville, FL 32277",Jacksonville
32009,"9100 Merrill Rd, Jacksonville, FL 32225",Jacksonville
32009,"76010 William Burgess Blvd, Yulee, FL 32097",Yulee
32008,"16193 NW US Hwy 441, Alachua, FL 32615",Alachua
32008,"9200 NW 39th Ave, Gainesville, FL 32606",Gainesville
32008,"1200 NW 76th Blvd, Gainesville, FL 32606",Gainesville
32008,"5200 NW 43rd St Ste 401, Gainesville, FL 32606",Gainesville
32008,"2755 SW 91st St, Gainesville, FL 32608",Gainesville
32008,"4115 NW 16th Blvd, Gainesville, FL 32605",Gainesville
32008,"5801 SW 75th St, Gainesville, FL 32608",Gainesville
32008,"3315 W University Ave, Gainesville, FL 32607",Gainesville
32008,"3930 SW Archer Rd, Gainesville, FL 32608",Gainesville
32008,"3720 NW 13th St Ste 9, Gainesville, FL 32609",Gainesville
32008,"3100 SW 35th Blvd, Gainesville, FL 32608",Gainesville
32008,"5200 SW 34th St, Gainesville, FL 32608",Gainesville
32008,"203 NW 13th St, Gainesville, FL 32601",Gainesville
32008,"1302 N Main St, Gainesville, FL 32601",Gainesville
32008,"255 NW Commons Loop, Lake City, FL 32055",Lake City
32008,"2215 Ohio Ave N, Live Oak, FL 32064",Live Oak
32008,"24100 W Newberry Rd Ste 10, Newberry, FL 32669",Newberry
32008,"14130 W Newberry Rd, Newberry, FL 32669",Newberry
32007,"171 Town and Country Dr, Palatka, FL 32177",Palatka
32007,"2875 SR 16, Saint Augustine, FL 32092",Saint Augustine
32007,"250 Plaza Blvd, Saint Augustine, FL 32086",Saint Augustine
32007,"4255 US 1 S, Saint Augustine, FL 32086",Saint Augustine
32007,"955 State Road 16, Saint Augustine, FL 32084",Saint Augustine
32007,"125 Jenkins St, Saint Augustine, FL 32086",Saint Augustine
32007,"1033 A1A Beach Blvd, Saint Augustine, FL 32080",Saint Augustine
32007,"55 Ava Way, Saint Augustine, FL 32084",Saint Augustine
32004,"11025 eTown Pkwy Unit 100, Jacksonville, FL 32256",Jacksonville
32004,"10920 Baymeadows Rd, Jacksonville, FL 32256",Jacksonville
32004,"4765 Hodges Blvd, Jacksonville, FL 32224",Jacksonville
32004,"14444 Beach Blvd Ste 6, Jacksonville, FL 32250",Jacksonville
32004,"670 Marsh Landing Pkwy, Jacksonville Beach, FL 32250",Jacksonville Beach
32004,"408 Beach Blvd Ste 100, Jacksonville Beach, FL 32250",Jacksonville Beach
32004,"250 Pine Lake Dr, Ponte Vedra, FL 32081",Ponte Vedra
32004,"3777 Palm Valley Rd, Ponte Vedra, FL 32082",Ponte Vedra
32004,"120 Marketside Ave, Ponte Vedra, FL 32081",Ponte Vedra
32004,"220 Front Street, Ponte Vedra Beach, FL 32082",Ponte Vedra Beach
32004,"7462 US Hwy 1 N, Saint Augustine, FL 32095",Saint Augustine
32004,"170 Village Commons Dr, Saint Augustine, FL 32092",Saint Augustine
32004,"84 Tuscan Way, Saint Augustine, FL 32092",Saint Augustine
32004,"835 CR 210 W, Saint Johns, FL 32259",Saint Johns
32004,"75 Irondale Rd, Suite 100, Jacksonville, FL 32081",Suite 100
32003,"5000 US Highway 17 Ste 11, Fleming Island, FL 32003",Fleming Island
32003,"865 Hibernia Rd Ste 200, Fleming Island, FL 32003",Fleming Island
32003,"11406 San Jose Blvd, Jacksonville, FL 32223",Jacksonville
32003,"6001 Argyle Forest Blvd Ste 45, Jacksonville, FL 32244",Jacksonville
32003,"10500 San Jose Blvd Ste 36, Jacksonville, FL 32257",Jacksonville
32003,"11250 St Augustine Rd Ste 4, Jacksonville, FL 32257",Jacksonville
32003,"9518 Argyle Forest Blvd, Jacksonville, FL 32222",Jacksonville
32003,"13820 Old Saint Augustine Rd, Jacksonville, FL 32258",Jacksonville
32003,"7628 103rd St Ste 24, Jacksonville, FL 32210",Jacksonville
32003,"2875 University Blvd W, Jacksonville, FL 32217",Jacksonville
32003,"9964 Old Baymeadows Rd, Jacksonville, FL 32256",Jacksonville
32003,"2640 Blanding Blvd, Middleburg, FL 32068",Middleburg
32003,"950 Blanding Blvd, Orange Park, FL 32065",Orange Park
32003,"410 Blanding Blvd, Orange Park, FL 32073",Orange Park
32003,"1075 Oakleaf Plantation Pkwy Ste 200, Orange Park, FL 32065",Orange Park
32003,"450 State Road 13 N Ste 109, Saint Johns, FL 32259",Saint Johns
32003,"205 Rivertown Shops Dr, Saint Johns, FL 32259",Saint Johns
32003,"2750 Race Track Rd, Saint Johns, FL 32259",Saint Johns
32003,"2845 County Road 210 W, Saint Johns, FL 32259",Saint Johns
32003,"155 Bartram Market Dr Ste 100, Saint Johns, FL 32259",Saint Johns